Actual,Predicted
455.27,455.75489999999996
436.31,435.98340000000013
440.68,434.74810000000036
434.4,435.3152000000001
482.06,479.07530000000014
436.07,435.8809999999999
452.48,451.2773999999999
435.22,435.1196999999998
432.93,435.0157000000004
466.46,468.3120999999997
452.85,453.2748999999999
435.71,439.9843
472.04,471.29970000000026
439.09,434.5522999999996
458.06,455.2744999999999
465.93,466.4662000000001
478.94,481.8001000000003
448.77,446.9503000000001
468.86,468.3862
432.66,432.7052999999997
469.73,476.8271
431.97,431.7567999999997
435.56,436.31379999999984
462.59,463.47890000000024
456.25,450.2475999999998
464.79,464.7629999999997
443.73,443.8083999999997
438.76,434.4552999999999
465.42,464.17879999999985
467.11,466.6020000000002
452.84,453.0349999999997
443.31,442.75739999999985
480.62,479.4658000000004
464.49,467.76770000000005
454.86,454.81540000000007
432.26,435.50889999999976
449.03,447.7389999999996
467.05,466.38940000000025
453.32,454.6141000000005
479.78,481.07900000000024
478.34,476.2251000000004
440.13,446.8621
430.16,429.71260000000007
429.13,432.2598999999998
471.32,471.3874000000004
457.45,464.0328000000002
436.95,438.6414999999999
438.83,438.7544999999999
440.13,441.1256999999998
481.34,478.94329999999997
482.82,483.6660000000001
471.85,476.2095999999998
435.14,438.00240000000014
486.52,485.2261999999999
449.63,456.809
461.23,466.1136999999998
489.09,480.35880000000014
437.81,434.0607000000002
435.02,435.1008999999993
485.7,487.4663000000002
452.83,451.8932999999997
447.73,442.5952999999999
452.32,452.8272999999998
447.83,447.3995000000001
459.9,458.32590000000016
454.48,452.95809999999983
441.56,435.7050000000004
472.46,470.19130000000007
437.65,434.48820000000035
455.42,455.49930000000006
441.29,437.36759999999987
442.78,441.6083000000004
485.96,485.61340000000035
452.46,447.5604000000001
432.28,436.55569999999983
465.84,465.75609999999983
460.44,465.5528000000002
429.52,432.14730000000026
478.99,475.74799999999976
426.9,426.43749999999966
443.74,445.8263000000003
452.91,455.05690000000016
465.45,470.63519999999994
472.41,472.7023999999998
436.43,435.6307
449.02,450.62079999999986
477.07,476.43250000000046
445.8,440.1230999999996
446.26,446.01279999999963
456.25,448.7257
476.0,476.1792
464.86,463.65920000000006
452.93,449.6998999999999
448.6,440.7617999999999
457.66,457.6718999999993
448.69,450.4778000000003
437.19,439.3181999999999
442.23,441.92279999999977
439.59,441.9631999999999
457.92,460.64079999999956
434.94,435.2331999999997
458.57,458.7297000000001
486.84,489.9394999999999
484.54,482.2709999999999
435.04,436.6146000000001
467.23,458.505
446.48,447.7416999999998
439.99,440.70179999999993
440.15,443.6067000000001
435.94,438.6217
464.13,464.39369999999997
440.08,443.91839999999974
447.09,441.7353000000001
484.97,480.3948
472.59,469.8448
434.48,436.10579999999993
468.8,469.62720000000036
444.46,444.9817
430.36,432.1076000000004
473.56,468.9811999999999
451.62,453.9233000000002
432.14,432.0564000000002
468.23,467.39329999999956
452.82,450.37139999999977
440.52,442.8478
469.25,466.6188
482.96,484.4806999999999
452.06,455.4850000000001
451.87,450.64899999999994
456.18,453.4370000000002
485.75,486.0892000000007
459.67,458.12029999999953
469.42,472.19890000000044
460.01,458.3926999999996
455.66,451.1867000000002
478.07,475.2282999999998
471.92,469.62740000000014
431.84,430.63469999999984
459.6,463.88429999999954
471.71,477.94529999999963
478.29,476.13789999999995
433.59,436.15679999999963
434.68,434.33020000000016
425.16,430.25260000000026
445.45,443.8567999999999
449.23,449.0455999999999
474.45,469.7939999999999
490.03,488.31710000000066
469.89,468.4749000000001
451.7,448.43749999999994
470.97,464.8047999999999
435.94,434.44350000000014
486.86,489.4267999999998
477.86,481.50330000000037
455.07,454.7120999999996
428.1,429.8852000000001
465.96,462.6810000000003
443.3,441.6323
428.42,430.06869999999975
460.33,468.09790000000015
455.88,453.60089999999997
443.13,444.10160000000013
472.2,472.71609999999947
429.39,428.0308000000004
473.01,468.66629999999975
463.26,463.6458999999997
426.66,432.20299999999986
433.37,436.4830000000001
458.91,462.38570000000016
452.5,453.3327000000003
440.92,441.79049999999995
453.35,453.7062000000001
480.39,481.1688999999996
427.82,431.81410000000034
442.75,443.0631999999998
454.35,454.10870000000034
446.97,439.0811
469.52,465.10540000000015
438.08,443.0693999999996
440.65,441.5137000000002
467.59,462.3446999999997
435.88,440.08989999999983
460.03,460.46980000000025
440.85,443.54820000000007
463.77,465.99470000000036
454.39,452.917
480.58,482.88509999999985
446.82,446.8795000000002
433.04,435.94290000000007
451.37,449.7251999999997
474.4,474.53440000000046
456.33,461.26020000000005
465.36,466.6192
441.71,445.30130000000025
458.29,456.0017000000002
445.22,440.3456000000003
450.32,449.63369999999964
466.77,465.93760000000026
439.71,437.57640000000015
436.32,438.58249999999975
444.95,440.44370000000004
442.69,440.9077
453.34,449.17389999999995
465.01,465.85820000000024
447.64,444.00639999999987
447.15,448.98719999999986
435.2,434.0281999999998
435.68,438.1555
475.09,471.3616999999998
449.12,450.62269999999995
449.28,450.80530000000005
453.02,454.62950000000023
469.34,470.74840000000034
433.99,435.56589999999966
473.31,471.5330999999999
438.08,438.82379999999995
444.15,446.61440000000033
479.78,477.57910000000015
487.35,489.2289000000003
446.12,446.27139999999986
434.67,435.85890000000023
485.06,482.38849999999996
429.92,432.2067000000001
474.73,474.31469999999973
447.45,445.7755000000002
462.39,463.0678999999993
469.44,471.01229999999987
490.78,489.67489999999975
435.48,437.1439999999998
474.7,473.07139999999987
436.94,436.5101000000001
462.21,463.02639999999997
434.47,438.6981000000003
425.34,432.4076000000001
477.2,473.6463000000001
444.13,437.12
435.27,435.9551999999998
454.66,451.19619999999975
432.49,433.1686
464.36,466.0617
457.32,456.0105
442.83,441.12630000000007
428.67,430.5071000000004
457.26,459.1695000000003
439.43,440.28970000000015
437.89,437.7744000000002
432.75,433.5245999999997
464.85,463.4805
439.01,440.9402000000002
466.69,464.1981000000002
442.75,438.9958999999999
474.71,480.31120000000016
441.9,444.2312999999998
429.25,431.1056000000003
458.42,458.93960000000015
436.69,435.7255000000002
429.7,433.92979999999994
436.67,437.10289999999964
441.58,443.0099000000001
444.37,441.45960000000014
447.4,451.07860000000005
446.43,445.00320000000005
471.11,468.8906999999997
467.25,466.24800000000016
430.87,432.9807000000004
469.05,468.68779999999987
473.41,472.1018000000004
487.94,487.5242999999996
452.7,449.66679999999985
449.1,441.90149999999977
479.74,481.13969999999955
433.25,433.9836999999998
437.95,439.5464
480.04,474.1425999999999
430.44,433.03960000000035
431.58,433.0830999999999
441.18,440.9684
460.73,461.0403000000005
437.31,436.6200999999998
469.64,472.2680000000002
463.4,449.1240999999999
442.24,434.63469999999955
457.49,458.95020000000017
465.6,458.24320000000006
469.61,467.7752000000002
443.54,444.11670000000055
439.51,440.22860000000003
460.54,466.94910000000004
435.97,436.56650000000025
434.79,439.4140000000002
477.31,473.5235
455.58,456.34540000000015
471.32,466.6928000000005
449.31,448.29979999999966
427.94,428.46119999999996
441.18,444.55899999999997
433.03,433.1559
436.64,440.21799999999996
468.88,466.9884000000002
467.47,468.63590000000005
463.06,464.6316000000001
437.26,443.48689999999993
445.92,449.06020000000007
433.3,437.0800000000001
454.65,450.4493999999998
470.21,470.12389999999954
455.85,452.28330000000045
433.5,433.5586999999998
444.49,443.4204000000002
462.54,461.7921000000003
439.18,441.55850000000027
463.79,461.97870000000034
443.61,444.02039999999977
453.99,454.14039999999994
426.84,432.19339999999994
454.26,455.9374999999998
476.44,473.84149999999937
441.04,440.9643000000005
447.73,450.2236999999998
435.69,435.81299999999993
479.61,478.5077000000003
459.6,465.77150000000006
462.73,461.0589999999998
483.86,480.5808000000003
478.05,478.9098999999995
431.16,432.1302000000003
469.92,472.3776
449.81,448.80819999999994
462.56,462.7459000000002
444.09,441.1889999999995
469.11,469.4251999999997
465.0,466.32239999999945
467.61,465.81340000000023
474.87,485.13090000000034
475.41,475.7281000000001
468.84,469.3526000000004
470.66,470.83810000000005
466.68,469.52060000000034
432.0,433.00299999999993
441.65,440.4590000000003
468.91,469.3823000000001
462.2,458.15289999999993
472.84,468.66389999999933
439.54,442.20990000000006
482.8,483.7238999999999
445.31,447.62800000000004
464.5,465.37879999999996
430.53,434.37840000000057
458.46,465.38590000000005
431.32,432.22950000000003
468.8,469.4116999999999
463.69,460.67539999999985
469.63,469.63399999999996
457.58,453.22729999999996
466.38,462.90419999999983
472.57,472.4523
463.37,465.1590000000004
447.52,446.87469999999956
468.45,469.19319999999993
440.42,442.95230000000026
469.06,467.8022999999997
456.55,458.3465
445.11,443.5827999999999
452.57,453.48949999999974
446.54,446.5398
434.91,434.1013999999999
465.82,468.40829999999994
441.92,441.69930000000005
475.73,471.80740000000026
466.71,459.2404999999998
463.1,462.9048999999997
479.2,473.99360000000013
476.67,468.55460000000016
434.97,439.2623999999997
436.89,434.6427000000004
471.23,475.8315
481.46,484.58760000000024
438.5,438.7242000000003
446.56,444.5624
437.53,443.5216000000002
471.42,475.3623000000001
427.84,428.3663000000002
460.21,461.5652999999999
472.54,475.5217000000001
466.52,465.5025
447.37,448.46579999999994
444.69,442.94910000000027
458.5,456.58200000000016
430.8,433.0501000000001
461.9,463.53350000000034
451.79,446.80699999999973
432.06,432.3956000000001
446.87,446.05719999999997
447.47,451.8051999999999
439.69,440.4978000000002
448.37,444.2066000000003
431.14,430.9605999999998
473.77,475.6315000000003
467.78,468.4004999999998
453.54,449.19790000000046
477.8,472.6684999999994
446.99,445.0400000000001
442.43,438.80090000000024
432.62,439.2920999999999
457.83,458.4323999999997
436.3,435.40810000000005
465.5,467.86959999999965
450.57,445.47460000000007
444.71,443.9821000000001
462.27,461.1024999999999
429.46,427.87489999999974
489.26,487.29690000000005
462.77,462.6031000000003
437.61,438.88259999999997
464.82,467.4744999999998
449.08,450.67379999999974
449.73,446.3201000000001
452.42,454.5568
487.72,486.4756
444.34,444.14549999999997
472.9,472.4095999999999
454.66,458.65899999999993
435.36,434.44720000000024
440.67,439.2739000000001
450.6,450.6340000000005
481.24,481.4853999999998
475.54,470.5379000000002
463.1,461.6643000000001
481.24,478.7711
441.05,445.4957000000002
481.27,484.88740000000035
487.85,479.82570000000015
448.06,450.8095999999997
430.16,430.7170000000004
445.32,441.24979999999994
440.0,439.67510000000004
462.44,463.21110000000016
447.16,443.2080000000001
443.78,440.0208999999997
436.82,436.0352000000001
438.35,439.7156999999996
430.67,431.7614000000002
476.06,472.7536000000002
438.84,439.42229999999967
438.5,438.0873
439.4,437.1614999999999
451.88,451.3783999999999
479.25,474.58909999999975
443.3,446.33509999999995
435.76,434.54070000000013
464.03,465.5229000000002
484.04,479.17460000000005
442.31,442.95059999999984
455.99,455.4503000000002
490.57,491.00150000000065
436.88,436.477
470.22,467.7831000000002
438.4,441.1559000000001
430.32,431.75919999999945
449.82,450.2609999999999
462.19,464.7343999999999
463.93,461.9641999999996
475.74,475.50839999999965
437.47,436.8259000000001
454.36,450.7148999999998
453.31,453.76499999999965
470.49,468.5381999999999
463.82,463.10079999999994
457.94,458.79780000000045
461.34,463.7846999999996
470.22,471.6298999999997
474.41,475.5965000000002
425.14,428.79060000000004
478.87,482.3131000000002
461.8,461.11930000000007
445.22,443.5209
463.92,460.8932
434.08,436.6723
457.74,455.2235000000004
456.86,458.9954999999999
468.86,464.4184
459.12,452.79749999999984
429.84,430.7022000000002
444.89,445.5148000000004
463.49,463.69309999999973
461.46,460.0218000000001
463.99,463.36560000000026
474.16,477.4228999999998
444.06,436.23260000000016
486.15,485.79830000000067
432.49,432.55799999999977
466.07,463.4332
437.48,435.6231000000002
441.21,442.00499999999954
443.12,444.8622999999999
457.11,458.2819000000001
432.3,430.9905999999997
442.03,442.15310000000005
445.64,441.95490000000035
453.02,453.36500000000007
475.18,473.0449999999998
452.15,446.2775000000001
482.43,483.0218999999998
439.17,437.9723999999999
444.36,445.4756000000001
459.64,462.12060000000014
440.43,437.8339999999997
438.69,440.69139999999976
437.72,437.4277
476.64,474.18249999999995
430.48,432.55949999999973
442.16,443.7745000000001
479.8,473.3998000000001
451.06,452.7420999999998
448.17,444.5166000000004
434.33,435.88329999999996
484.42,486.50089999999943
452.01,450.5959000000002
435.13,433.6609999999993
445.12,444.3162000000001
477.71,474.81889999999987
460.76,469.5937000000001
468.29,468.67759999999964
451.09,452.01989999999955
450.09,455.2303000000004
447.85,435.43510000000003
436.3,433.33509999999956
475.7,475.97920000000033
448.71,447.2407999999999
468.63,467.0163999999999
444.87,448.1211999999999
475.74,474.8875000000004
447.5,447.47999999999985
428.69,433.3938000000001
473.26,474.05600000000027
470.59,466.64999999999964
470.93,467.49139999999977
464.01,464.4241999999999
484.94,482.23510000000016
442.18,441.5711000000003
476.15,476.68629999999996
480.74,477.61340000000024
438.72,435.74309999999997
454.68,450.74640000000005
466.54,468.62040000000025
481.77,479.17309999999975
487.25,479.9836
440.2,438.6086999999999
438.26,436.3993
467.48,465.5684000000003
446.55,448.76670000000007
445.85,445.7156000000001
492.93,488.31899999999996
445.11,443.6708000000003
467.22,465.96820000000014
482.62,480.16209999999984
480.61,473.8107
478.08,476.8383000000002
475.43,476.3720000000002
452.64,452.0316999999997
435.17,432.3464000000001
485.13,483.7171999999995
429.31,427.8688999999998
454.88,454.0452000000002
430.39,431.30980000000017
482.16,477.79889999999995
484.82,482.64999999999986
436.44,442.96299999999974
483.27,481.8285999999999
434.89,437.4940999999999
473.94,476.60000000000014
433.3,433.56070000000005
453.54,453.2116000000004
437.15,438.43169999999986
433.01,432.185
463.83,463.8936999999998
431.11,430.03580000000017
465.58,467.17659999999995
467.12,468.18640000000045
458.37,460.12400000000036
468.49,464.9767000000003
443.87,442.1854999999999
449.52,445.10219999999987
430.49,431.1083000000002
484.2,484.2224999999999
448.89,447.8287999999995
435.56,434.8443000000001
445.3,444.73980000000006
458.99,459.80270000000024
449.4,446.42109999999985
440.97,442.0176
442.76,442.3650000000001
488.58,488.98740000000004
456.42,456.0367000000003
457.51,450.20449999999965
443.51,440.0143
475.51,471.44149999999973
434.44,432.2314
452.06,452.88129999999956
471.04,474.78180000000015
464.23,467.8790000000001
464.17,468.6157000000005
461.39,464.54090000000014
441.92,445.0784
435.41,434.74930000000006
442.58,442.54029999999955
432.61,436.5602999999997
444.31,442.07509999999996
441.08,440.8981999999996
438.52,439.68969999999985
471.69,470.8182
464.99,463.43699999999984
436.65,434.42020000000014
437.52,437.51800000000003
448.49,449.17579999999987
475.94,475.3798000000001
455.56,455.2809000000002
436.64,435.4426999999999
442.86,445.0373999999998
446.72,442.83209999999997
452.43,450.3743999999999
443.87,449.1934999999997
443.97,443.83139999999986
466.83,466.25980000000027
474.03,473.5460999999998
454.14,465.04650000000004
445.81,446.0852
489.04,489.3408999999994
493.72,491.4558000000002
436.46,436.5683999999999
462.55,463.2501999999999
444.07,444.3440000000001
440.7,446.7269000000001
437.62,436.4262999999997
464.12,466.6508000000002
442.75,442.63220000000024
445.31,448.1714999999997
442.93,440.1660000000005
480.71,477.11549999999994
428.63,430.73970000000037
436.92,435.5426999999998
489.16,487.25329999999934
441.61,440.62370000000004
428.98,433.7967000000001
462.94,465.8295999999996
430.36,432.8585999999998
449.23,448.51700000000005
444.55,445.45759999999996
476.83,477.50200000000024
440.35,438.54830000000004
471.32,475.3374
467.9,466.4094999999999
449.24,452.2287
435.66,435.9448000000003
468.92,466.89569999999964
435.42,433.5235999999997
430.3,432.0903999999999
453.64,450.81970000000007
440.3,441.03880000000026
467.21,465.7764000000002
450.6,453.35710000000023
441.54,446.94389999999987
480.98,481.29980000000023
470.36,471.02560000000017
489.78,488.85109999999935
430.53,433.0958000000002
449.85,449.7177999999998
480.47,478.2244
448.98,447.11929999999984
433.64,435.6323000000001
442.7,446.6587999999999
431.35,436.26700000000005
464.3,468.60050000000024
452.56,447.33189999999996
469.23,471.6799999999998
463.63,463.3992999999999
454.26,450.5088999999999
430.64,434.0364999999996
486.34,479.61920000000043
442.6,440.8631000000002
487.92,477.54529999999954
477.8,480.7221000000004
435.32,435.9448999999999
478.69,479.4198999999999
479.43,480.4165000000001
448.89,454.0341999999998
467.42,464.0704999999998
480.54,481.8386000000001
481.37,480.2765000000003
479.45,477.6598000000006
425.11,427.0390000000003
483.74,483.22469999999987
481.32,481.7914999999998
434.91,435.2741000000005
481.74,479.8372999999999
437.53,436.0987999999997
438.55,440.4020000000001
439.66,442.6707000000001
441.04,442.62019999999995
441.85,443.9332
474.08,472.45349999999996
469.59,472.92289999999974
472.18,471.1335000000002
464.81,471.7754999999998
448.79,447.2890999999998
430.86,435.1563000000001
457.36,461.00290000000007
435.14,442.23410000000035
436.54,440.7544999999998
481.08,480.4581000000003
474.36,473.33349999999996
445.72,443.5432999999998
435.04,434.0386000000001
454.26,452.72570000000013
455.57,462.0747000000002
472.32,467.5673999999997
459.14,457.3286999999998
463.38,463.68270000000007
488.01,483.43839999999994
466.71,465.80739999999975
469.12,467.22529999999983
466.06,465.5549000000002
481.51,478.44920000000025
488.53,487.8347999999995
439.49,442.4513000000001
463.57,464.94169999999997
453.0,450.94650000000036
451.05,452.60500000000013
478.34,476.9021000000001
469.9,472.1025000000002
474.51,479.4718000000001
446.68,448.44109999999984
437.76,439.1457999999998
464.56,466.2203999999998
442.69,441.01659999999987
468.79,468.00820000000016
438.06,441.08020000000033
427.95,430.46699999999987
465.95,467.7328999999999
434.55,435.23810000000003
438.53,440.5961000000001
446.5,443.29789999999986
444.63,445.6804999999997
442.93,444.0926
477.34,482.2092999999999
434.85,432.1804999999998
443.12,440.3312000000002
457.09,457.79259999999937
438.55,435.02120000000025
426.07,429.0396
442.52,444.9530999999998
429.27,432.1637999999998
474.63,473.39750000000026
446.9,444.6556000000001
443.8,445.77109999999976
442.84,444.92830000000055
451.03,448.03209999999984
446.62,444.29760000000044
455.09,455.4282999999999
456.32,456.83569999999986
444.89,444.23979999999966
472.51,472.68500000000034
435.75,438.6753999999999
468.55,465.36310000000014
443.2,441.4886999999998
473.67,471.9633000000004
436.05,439.7230999999996
432.45,433.0301999999999
426.96,432.6363000000002
474.55,475.217
465.24,464.38889999999986
473.13,471.3067
472.5,473.77909999999974
479.32,479.1156000000002
457.72,457.02179999999936
446.56,448.79129999999975
459.87,458.24620000000004
478.1,472.9289999999996
479.09,481.8472000000006
453.02,453.5130000000003
468.22,468.0366999999995
464.67,463.0679000000002
464.37,460.3093000000003
453.8,462.9101999999999
450.96,447.64280000000014
467.44,466.21600000000007
441.3,448.08950000000004
455.25,459.273
443.0,442.4171
439.84,439.43989999999974
462.83,463.42599999999976
437.62,437.4241
440.55,438.9828999999996
438.79,438.3075999999998
446.33,447.09470000000044
480.74,477.9142
435.29,428.85649999999987
483.63,480.58020000000005
448.58,449.65759999999995
444.0,442.1299999999999
476.81,476.29449999999997
462.6,461.4648999999999
439.72,441.1546999999998
438.17,438.49620000000004
425.5,430.01830000000007
469.73,470.89940000000007
442.25,441.01009999999985
448.98,447.9231999999995
430.17,434.24280000000016
445.05,446.9883999999997
471.85,471.54539999999974
438.74,437.18779999999987
460.19,459.8325999999999
448.27,447.38310000000007
456.87,457.27880000000033
464.62,463.7680999999993
458.26,458.2254000000004
433.03,432.0812999999998
485.94,485.5207999999998
436.61,438.44799999999975
448.22,449.2957999999997
482.66,485.2317000000001
447.42,448.9147000000002
475.44,474.4098999999999
457.43,451.7850999999999
460.02,460.86920000000015
439.77,440.37149999999974
472.95,467.8282000000001
481.66,483.07699999999966
436.39,442.0811000000003
479.3,479.4047999999999
474.04,476.6994
460.75,459.7864000000001
455.23,453.41920000000005
479.35,479.20639999999986
474.71,477.46029999999996
442.85,443.2623000000001
458.15,456.39239999999995
437.5,440.72760000000017
437.35,435.60830000000004
436.0,434.99869999999976
463.57,464.0216999999996
454.94,456.1371999999998
483.16,484.08990000000017
450.53,447.47430000000037
474.64,468.7706000000003
470.04,470.77300000000025
437.24,441.16960000000006
449.76,452.4132
435.85,436.4796999999999
437.85,437.3671999999998
437.25,435.67040000000003
466.15,464.78569999999985
449.07,452.87949999999984
439.34,434.4367000000002
479.02,483.90630000000004
471.32,476.1966
482.67,482.96049999999974
437.42,434.1485
483.61,482.04429999999974
440.99,432.3643
425.35,431.92160000000024
446.05,440.6770000000002
474.24,473.80140000000006
428.54,428.63820000000015
461.31,461.7212000000005
439.61,439.6811999999999
464.9,471.18799999999993
467.3,464.98800000000006
438.43,439.3204000000002
449.58,455.20379999999983
449.07,448.5277999999999
440.86,441.27570000000014
465.56,464.49809999999957
456.07,458.88029999999975
456.27,456.50400000000013
445.1,444.9745999999999
448.82,450.5322000000001
433.59,433.0298000000002
475.49,471.61310000000003
431.39,435.1582999999999
436.15,437.2352
442.83,444.4857
482.46,481.93409999999983
478.3,472.0430000000001
445.1,447.8586000000003
458.75,463.2208999999999
476.73,473.59599999999983
455.13,451.52249999999987
440.5,442.47099999999983
458.41,453.5528999999998
439.72,441.62309999999957
443.24,434.4056000000002
438.42,442.19489999999985
454.85,454.87419999999963
436.91,439.5226000000002
473.0,476.8578000000001
470.74,466.6992000000004
439.8,436.5250999999998
452.86,450.6090000000001
426.53,432.14539999999994
494.21,494.4194999999995
430.98,432.5176
485.02,483.5367999999999
477.94,475.4703
483.74,477.61730000000006
446.3,444.38529999999975
470.14,473.1752999999993
477.65,477.5363000000001
432.25,437.7107000000001
438.28,442.3376000000002
435.96,441.1038
440.49,435.99040000000014
435.4,438.0552000000001
450.46,446.0019
475.03,471.7321999999996
477.71,474.99330000000015
444.56,447.1172000000003
470.82,468.83999999999963
443.76,444.9248999999999
457.53,459.24080000000004
433.0,434.0833999999997
479.88,481.3279999999998
461.35,461.2048000000008
452.95,455.0557999999991
456.07,460.65089999999987
451.93,446.3221999999998
434.8,435.82660000000004
441.5,435.5867
432.04,433.1254999999998
447.81,447.4326000000001
445.66,446.8751999999999
445.25,435.6452000000001
474.49,475.4381000000002
448.56,449.9723999999997
450.5,447.4399000000001
455.97,456.913
429.05,434.9645000000002
467.31,471.90559999999977
438.15,440.16179999999986
460.75,462.06989999999985
435.28,438.31869999999986
435.05,436.2668999999998
457.08,456.1876
433.62,432.8537999999997
453.72,454.6914
436.28,438.19790000000006
462.59,461.7692000000002
468.82,470.1620999999998
441.51,442.2035999999999
458.96,454.5770000000004
476.27,476.8097
489.36,489.30799999999954
452.52,451.5150000000002
452.85,445.0603
486.7,488.9814999999998
472.69,470.2628000000002
450.87,450.0225000000006
440.17,446.0204000000001
437.48,438.1650999999997
442.56,443.9142
465.7,465.7799
449.1,443.7266000000002
480.05,480.5945000000003
459.86,488.65709999999933
441.45,436.6907
435.09,437.6451
481.3,477.58970000000016
465.16,466.6646999999997
486.83,485.34260000000023
466.64,465.06409999999977
441.8,442.1747000000001
449.13,448.3138999999999
470.41,470.0452999999998
437.24,440.4279999999999
482.52,482.9483999999998
475.57,479.00999999999993
444.26,444.60280000000006
444.14,442.4408000000001
487.17,484.74950000000035
444.77,443.2611999999995
471.19,472.4562000000002
473.31,475.12740000000025
452.64,453.3312999999998
452.2,451.6678999999999
478.43,477.82130000000006
447.69,446.49279999999976
447.86,450.7545000000001
432.07,435.87069999999983
449.07,450.7655999999995
467.9,464.6875
478.56,482.9657000000001
432.72,434.66700000000026
441.5,445.4509999999998
438.51,437.56289999999973
443.41,444.6332999999998
435.77,439.1205999999996
435.53,436.2139999999997
431.01,433.21909999999974
432.99,432.8324
470.98,465.64749999999987
466.63,466.57620000000003
468.88,464.98409999999996
428.87,430.48349999999976
472.17,472.6097999999999
473.97,478.2349
438.09,440.4676000000001
476.55,477.0271000000004
474.45,474.42039999999963
471.08,472.4564999999998
481.69,485.11650000000014
439.68,439.01770000000005
469.17,468.55080000000015
444.59,444.86470000000025
441.68,440.2535999999998
434.62,434.0017
469.43,471.68269999999995
486.91,486.35869999999994
428.06,429.75970000000007
457.94,455.93190000000016
472.94,472.2394999999997
434.38,434.12449999999984
475.64,475.5829999999995
464.46,466.9809999999995
462.05,464.12679999999995
440.46,438.3841000000001
480.83,479.18180000000035
466.58,465.3034000000001
470.31,471.1796999999998
468.36,466.57750000000016
444.55,451.4338
428.26,427.5436000000001
467.25,466.7239
434.5,437.5854000000003
464.59,464.97529999999955
443.54,450.30830000000003
456.65,456.6606999999997
465.05,463.34579999999994
446.09,442.17490000000015
439.67,440.4958999999999
447.29,444.4715999999999
443.09,437.9709000000002
457.81,451.17810000000026
459.96,459.5315999999998
477.89,477.23550000000023
440.66,442.3989000000004
456.04,454.42970000000025
433.82,432.4814
479.91,477.40740000000034
454.72,452.7308999999998
495.35,494.32800000000003
454.41,458.8544999999998
434.01,435.2367999999999
481.83,483.58170000000007
438.36,440.01049999999987
472.33,468.62779999999964
467.48,472.4586999999998
437.93,436.8064999999999
441.22,436.34540000000015
444.35,443.7583000000003
448.93,451.18440000000004
463.5,465.9206999999999
442.01,444.49479999999966
430.32,435.3475999999999
439.75,438.1085000000001
429.25,429.7203999999999
440.79,444.5583999999997
455.93,454.5584999999999
440.76,440.9665999999999
470.84,480.13979999999987
434.11,434.10760000000033
431.18,433.8845999999999
474.03,472.57650000000024
448.23,450.69070000000005
435.08,433.86350000000016
474.74,475.9555000000002
444.42,439.8489
483.59,482.98579999999964
470.69,471.1055000000001
447.46,444.3384999999999
463.82,462.56540000000047
455.33,454.0317999999999
435.04,433.81269999999995
456.24,454.90990000000005
464.23,467.6626000000002
477.41,476.13499999999993
434.35,435.6313000000001
439.04,440.38819999999964
465.14,464.3050999999999
446.83,450.78029999999967
436.74,439.2561999999996
446.38,445.38649999999996
458.66,459.8688000000004
451.95,453.00360000000006
429.93,434.26139999999975
431.45,432.9154000000001
469.8,477.40630000000004
443.75,441.6657999999998
458.67,457.9547999999998
444.35,443.9768999999997
438.86,440.38339999999977
434.15,437.09679999999986
479.52,479.09499999999986
429.99,433.74529999999976
471.39,470.8197999999996
440.21,441.1243000000002
472.45,471.38780000000014
467.42,468.4490999999998
440.0,438.1376000000005
465.42,463.4628999999999
433.18,435.0180000000003
461.49,461.5203000000001
437.1,441.029
478.88,472.62270000000024
482.79,483.58580000000046
460.59,463.2418
440.59,434.1262000000001
460.03,458.46389999999997
438.34,442.88680000000016
472.45,475.23769999999996
441.13,439.2917
435.02,432.6406000000003
465.38,464.0796000000002
441.04,443.52280000000013
440.96,438.97909999999996
431.26,435.0218000000001
480.26,478.6002999999996
444.85,446.9522000000004
462.01,461.85269999999974
433.18,431.50189999999975
444.19,442.96289999999993
487.09,484.3756000000001
455.39,454.05739999999975
442.91,441.6456999999999
448.83,447.0991000000002
430.14,434.82980000000026
439.89,440.8940000000004
435.28,435.31029999999964
457.53,460.34160000000026
446.94,451.12229999999994
475.53,475.31949999999944
469.65,475.6969999999998
452.86,449.5215999999996
448.01,446.3955000000001
445.87,444.9777
429.06,433.5666999999999
436.8,435.49209999999977
466.88,465.6392000000001
433.01,432.9039000000004
462.13,465.25589999999966
469.3,468.35310000000027
447.71,445.1818999999998
450.56,451.56939999999975
468.49,469.28549999999996
447.96,451.47619999999966
466.72,465.47559999999993
458.08,451.55770000000024
440.59,440.67029999999977
459.69,457.21639999999985
488.27,484.1837000000003
477.76,476.36870000000005
470.87,471.87029999999976
434.06,433.34730000000025
481.46,481.0932999999999
449.0,447.8652000000002
465.63,461.9523999999999
444.71,447.56659999999965
435.39,436.89199999999965
438.61,441.6118000000001
457.68,454.7083999999997
463.18,462.4299999999998
439.37,435.27749999999963
458.41,453.6396
433.24,430.12939999999986
450.29,454.3519
432.1,432.10200000000003
434.92,431.3389000000002
462.87,466.9903
442.83,442.4064999999999
448.17,446.04720000000015
479.86,486.0858999999998
443.5,443.34650000000045
447.7,445.08209999999997
489.02,482.8199000000001
433.05,435.4752999999998
466.1,467.11040000000025
456.08,457.6918999999996
438.25,437.4007999999997
481.36,480.8597999999996
477.27,484.1693999999999
440.9,439.2570999999997
442.7,444.3344999999999
451.52,450.40949999999947
437.41,437.8981
454.14,454.8575000000003
470.59,471.8457999999999
448.75,445.38780000000014
436.81,436.6731000000005
443.86,445.28409999999974
473.84,478.1554999999998
470.88,470.84399999999994
446.3,448.2274999999999
435.05,435.05609999999984
441.86,434.4027
444.01,442.1737000000001
462.65,458.11490000000003
457.45,457.60360000000054
434.83,447.0955000000002
468.4,464.6958000000002
426.0,430.0103000000004
469.34,468.7688
447.06,445.3763000000002
428.92,431.0922999999997
476.8,475.8368
469.1,481.85940000000016
460.08,456.57689999999997
450.98,451.5968999999998
471.39,470.94279999999964
438.25,434.74879999999996
441.54,441.3700999999998
473.55,474.4111999999997
454.2,454.1104000000001
445.87,443.8896000000001
488.54,482.7011000000003
432.74,431.4576000000002
439.51,439.1649
427.96,431.01730000000003
472.72,471.5663000000006
452.79,448.49310000000014
456.61,455.3342999999999
437.09,438.58769999999987
431.97,432.66039999999987
435.54,439.1916000000003
447.26,449.3187999999998
440.29,436.3849000000001
441.0,442.5438000000002
447.74,451.12719999999996
479.03,478.92979999999966
440.16,442.73479999999995
470.79,473.5482999999999
484.16,482.1236999999999
459.59,460.27129999999977
450.69,451.57439999999997
455.54,461.4390999999999
435.74,441.24530000000016
452.5,455.0836
452.6,455.6184999999997
444.48,443.52530000000013
477.53,475.30240000000015
443.65,443.38279999999986
432.79,432.13100000000026
441.66,437.5029
473.88,473.79630000000026
464.9,463.92349999999993
477.75,474.181
455.61,457.2904999999997
430.62,432.1682999999997
451.64,450.3929
465.26,467.63099999999974
438.08,441.4205
438.49,434.6022000000002
437.55,441.41720000000004
453.29,451.27249999999947
438.75,436.11429999999945
454.35,453.36869999999993
456.34,457.29019999999974
467.02,467.73249999999985
466.2,463.6906999999997
439.84,439.4614000000004
438.43,434.4230999999998
478.7,477.02009999999996
447.89,455.0810999999999
433.57,432.05170000000004
465.8,468.6014999999994
439.02,438.4499999999995
439.48,439.80580000000003
436.13,431.9516
425.58,428.4082000000003
439.29,439.0581999999998
441.51,440.6016000000003
468.85,468.6746999999999
446.26,447.19709999999986
450.19,450.8050000000005
494.91,488.08660000000026
436.7,442.82780000000014
441.16,441.5965000000002
453.09,453.96960000000007
454.46,454.4646999999995
484.9,482.30389999999994
430.33,432.80580000000015
446.87,446.8761
483.11,485.80530000000005
464.27,461.8239000000002
439.31,430.2149000000001
436.58,433.82340000000005
457.4,455.49869999999976
457.3,452.39240000000007
452.59,447.22440000000023
436.42,438.5337000000004
449.5,475.7339999999998
474.28,478.3101999999999
463.49,468.8265999999998
436.23,434.7688
457.28,456.4897999999999
441.9,436.5468
447.83,449.5173999999999
432.46,432.5134999999998
433.1,434.0334000000001
458.87,459.35539999999935
435.84,438.93769999999984
456.77,454.6639999999998
452.57,451.43369999999965
430.55,433.20920000000007
463.71,463.3553
434.64,435.49990000000014
432.25,432.3932999999997
441.76,448.3206000000002
431.87,433.06829999999957
433.46,436.3884
449.33,452.9824000000001
464.13,464.29849999999965
451.95,462.36139999999995
482.49,479.4611000000002
455.71,463.9357
447.03,450.10439999999994
437.45,439.25380000000035
457.54,460.9907
462.69,465.11529999999965
458.67,456.98839999999996
434.47,431.5423000000003
454.51,453.25019999999984
434.54,434.2573000000001
460.66,463.6967999999997
470.39,468.5719000000001
455.24,454.5678999999998
439.99,442.5110000000002
469.92,471.5554999999998
468.36,467.8588999999998
458.53,457.04899999999964
435.84,438.9608999999998
442.65,443.3726999999999
489.95,489.6999000000004
462.52,462.0931
473.93,475.7033
434.7,434.0687999999999
469.33,467.20619999999985
430.55,434.2652
466.03,458.2308999999998
444.52,445.34950000000003
438.38,437.1629999999994
479.17,475.8261000000002
430.22,434.9827999999998
431.31,435.74139999999994
441.68,441.70020000000005
448.24,448.06329999999986
429.42,435.24449999999985
475.21,476.82380000000035
468.43,467.5163999999999
456.31,462.2286000000001
449.76,448.2719
443.09,441.53990000000005
462.7,462.7326000000002
472.62,473.6111
457.07,457.1135000000003
433.31,436.14869999999996
457.77,465.2873000000002
444.6,448.5055000000003
441.22,441.3390000000002
461.61,471.76900000000006
471.05,474.5304999999999
450.67,452.5454000000001
443.75,437.57270000000005
438.8,436.89409999999987
437.06,435.05089999999973
445.78,441.9094999999996
430.91,432.73189999999994
435.9,440.8751999999999
437.96,439.03520000000003
456.53,456.31379999999984
462.3,462.4744
470.27,472.7915999999997
476.09,477.82400000000007
432.43,434.57200000000006
443.58,443.7219000000001
446.77,446.8500000000001
448.32,445.75690000000003
455.22,453.67980000000006
438.41,438.46819999999985
459.65,455.6809000000004
450.0,449.4812999999997
445.79,443.3225
438.01,432.70130000000063
456.4,454.6128999999999
473.2,477.47760000000017
476.42,473.89479999999986
477.2,475.37790000000007
444.5,444.08930000000015
453.24,454.46049999999957
477.03,474.607
463.02,464.0564999999996
469.49,470.8235999999998
440.9,440.9262000000001
476.12,475.93080000000043
460.02,464.7544999999999
440.09,441.76430000000005
453.47,450.85000000000014
435.53,433.7098999999999
429.41,432.59819999999985
432.43,431.79949999999985
456.32,460.00250000000034
436.33,440.1677999999995
463.2,461.1538999999999
458.85,462.3797999999998
430.15,431.78500000000014
441.1,440.93809999999974
471.82,474.8895
480.68,480.1033999999999
461.27,461.26820000000015
471.52,468.4867000000005
435.87,433.6863999999998
430.46,433.00500000000017
479.33,478.8467000000003
443.52,442.80759999999964
478.05,477.3460000000001
453.01,455.1693
452.41,453.3751999999999
473.54,475.87080000000003
454.41,456.2087000000005
470.46,470.5823000000004
475.44,478.0714000000002
433.08,432.9593
463.52,461.9174999999998
430.34,431.4624000000002
433.62,434.6996999999998
449.52,450.2984999999997
432.6,433.2276
460.99,461.2026000000002
451.95,450.03709999999984
440.87,442.4622
441.88,441.75559999999973
476.89,476.79740000000027
479.43,478.27529999999985
435.01,433.7816999999997
427.15,430.84599999999983
442.46,441.594
434.51,435.97659999999996
442.11,442.55320000000034
470.56,472.5102000000001
432.56,432.37690000000015
427.66,431.4403000000004
471.47,469.4810999999999
431.0,431.6864
438.32,438.30290000000014
440.86,435.9814000000001
459.47,464.7777000000002
442.19,438.42099999999976
477.94,479.1639000000003
440.13,440.5338999999999
456.29,457.91250000000014
464.11,465.7124000000003
432.25,435.01980000000003
460.19,462.35699999999997
483.55,483.2259999999997
474.42,479.9865000000001
426.47,428.98769999999996
436.44,442.61479999999983
436.62,441.9519000000003
461.21,461.42850000000067
468.96,470.9075000000002
481.4,481.11790000000025
469.68,465.84909999999996
493.9,492.9754999999995
444.61,447.3355999999999
459.78,457.9798000000003
438.28,433.44089999999994
486.6,486.0385999999999
486.06,486.15000000000015
443.35,447.35090000000014
445.09,447.31859999999944
444.95,444.46520000000004
437.62,437.0805
438.66,439.09040000000016
467.06,463.87039999999985
491.22,490.7815000000002
436.23,438.4686999999999
451.93,465.6202999999998
451.26,453.38909999999976
441.23,441.4545999999999
436.97,433.0490000000001
430.59,430.8700000000001
446.7,451.2520000000002
452.5,449.2476999999997
456.11,454.4544999999999
435.58,442.2990999999999
438.85,434.62130000000013
445.59,442.48000000000013
425.18,427.72170000000034
484.91,485.66380000000004
449.34,449.13980000000026
438.09,437.68760000000026
476.67,478.2831000000002
461.14,458.9990999999999
442.76,442.5398000000001
436.6,433.3211
476.69,476.8646
480.53,481.79460000000006
440.4,440.5858
463.03,462.98010000000016
474.81,471.4717999999999
474.02,471.76380000000006
492.92,488.71780000000007
444.08,443.4539000000001
475.77,469.52450000000056
454.64,459.61930000000035
450.46,449.8675999999998
474.47,473.1220999999998
443.79,446.3146000000002
436.15,436.55079999999964
478.71,476.9800999999998
436.89,438.51109999999966
481.86,481.62090000000035
484.54,482.2709999999999
476.02,483.45840000000004
443.75,442.0085999999998
489.4,489.8961
436.02,437.48980000000006
434.78,433.9104
450.61,450.83539999999994
432.26,433.43780000000004
485.98,482.8800999999998
470.66,467.00269999999983
435.41,434.1473
452.17,446.88650000000047
478.48,476.01349999999985
442.0,443.601
434.86,435.1528000000003
449.24,456.03019999999975
452.57,451.5403000000001
439.65,440.06450000000007
441.77,442.08310000000006
464.01,463.86240000000004
435.09,436.92219999999986
441.66,440.48650000000015
438.31,435.06
474.1,479.93370000000016
447.85,444.63769999999965
477.81,478.4710000000004
480.18,477.8168000000002
441.41,453.7117000000002
439.32,438.5052000000001
463.75,463.45299999999986
481.6,481.16890000000024
450.33,450.69049999999976
458.31,452.7997999999997
474.5,481.9303
455.34,454.4427000000002
471.44,466.08250000000015
475.98,466.7993999999999
449.77,448.7884999999997
462.86,460.53090000000043
434.94,438.0748999999997
448.04,450.4004000000001
481.54,482.0963
441.07,442.33579999999967
462.87,463.30970000000013
464.91,470.0283
438.86,443.6497
435.87,438.09729999999996
451.19,449.75899999999996
475.85,475.32839999999953
434.67,436.60369999999983
435.48,434.0348
479.56,478.6173999999999
474.46,472.82889999999963
429.74,431.38050000000027
466.83,465.02249999999987
446.22,446.06410000000017
430.72,434.2914999999998
474.87,470.4795999999997
433.76,435.7070999999998
456.88,457.5303
466.02,467.53560000000004
462.28,465.10379999999975
480.68,482.9011999999998
450.53,447.0383999999999
438.68,436.17439999999993
449.93,448.43820000000017
434.29,434.94349999999974
477.47,478.3511000000002
478.68,482.7188000000002
493.16,488.3661999999997
430.57,431.9749000000003
464.63,458.1053000000002
434.3,434.0770000000001
474.57,468.95009999999974
434.82,437.8869999999999
454.44,451.9101000000002
435.51,439.02719999999977
436.14,439.51509999999985
479.96,476.3169000000001
431.23,434.20209999999975
476.96,470.8671
428.27,434.2257
442.78,444.58410000000026
451.29,459.13929999999976
470.48,466.6020000000002
471.43,466.88979999999975
467.01,466.85859999999985
434.99,436.62710000000015
453.47,453.4390999999999
467.51,464.30100000000004
467.68,462.0512999999997
435.76,433.70270000000016
434.03,435.98140000000006
452.31,446.2851000000005
444.38,446.9206
467.42,467.97700000000043
468.19,468.19290000000024
456.49,456.9214999999998
443.59,447.2012999999999
483.54,483.5820999999999
468.8,465.91980000000024
431.11,432.98570000000007
485.83,485.7357
449.22,451.2256000000001
437.19,439.2914
462.88,462.1081999999999
451.14,454.8448
427.1,432.8237999999998
475.42,482.66329999999994
454.06,456.5841999999996
437.13,438.4807000000001
432.79,435.0870999999999
433.04,432.2811999999998
438.51,434.9246000000003
481.68,480.74950000000035
455.94,454.61680000000035
435.65,433.30610000000013
439.25,441.88799999999986
443.26,433.6924000000001
449.99,451.86489999999964
463.11,469.0956000000004
434.88,434.5262
482.71,482.9433999999998
442.84,441.2290000000001
432.68,440.24990000000014
466.78,467.91279999999983
450.53,442.10300000000024
459.04,467.60640000000006
439.6,441.5478000000002
489.1,480.98510000000005
471.07,474.12120000000016
442.78,443.5742999999999
433.92,438.9848999999998
430.41,435.3855
484.81,484.47669999999977
438.95,440.27789999999993
452.82,451.7264999999999
471.82,471.66930000000025
465.03,464.5210000000002
471.72,472.4561000000002
435.6,432.9725000000006
461.16,459.1494999999999
482.83,483.8667
438.67,440.3003000000002
481.96,479.7854999999999
432.79,432.9446
461.02,457.38920000000036
463.32,460.3716000000002
429.35,433.8348999999999
471.93,466.94700000000034
450.86,448.25039999999996
450.67,451.93370000000016
466.88,464.6693
443.66,442.1103000000002
439.13,442.68679999999995
477.74,472.8977000000006
430.19,438.10809999999975
429.59,429.7018
433.84,433.6870999999999
428.62,432.01990000000035
429.02,427.8827999999999
479.03,477.53150000000045
438.24,440.8977999999999
434.21,437.1581999999999
451.43,451.9493999999998
435.25,433.20590000000004
455.8,457.0051000000001
433.35,433.7319
466.67,467.5432000000001
442.53,443.2558
436.04,429.5539000000003
440.58,439.9443
488.65,479.05740000000026
471.94,468.5816999999998
448.65,448.4746999999997
478.63,478.43950000000007
431.69,430.9653
455.91,457.69219999999973
437.06,434.1717999999998
435.12,435.55809999999997
439.04,435.05910000000017
474.3,480.6241999999999
429.29,428.1291000000003
436.24,439.80019999999985
437.2,434.13840000000005
443.24,443.9675999999997
450.81,451.5008000000005
472.76,471.4928000000005
491.35,488.47020000000003
471.79,470.1235
463.97,468.04249999999973
464.05,467.0941000000001
439.06,439.95969999999977
444.17,440.23159999999973
477.37,476.318
465.42,462.8137000000004
433.08,438.20929999999987
474.97,471.22930000000014
487.36,485.3710999999998
461.55,462.78679999999986
432.46,432.95520000000005
439.04,436.3752000000004
480.11,479.93099999999976
489.1,487.24279999999976
430.45,430.65579999999994
425.21,429.27850000000007
439.11,438.2122999999997
460.56,464.06189999999975
442.13,443.6249999999998
454.29,450.30430000000047
432.38,434.9681999999999
466.27,465.8120999999997
465.86,467.69699999999983
444.39,444.5528000000003
434.43,433.9026999999998
434.33,436.15100000000007
481.96,476.85250000000013
475.34,486.44629999999944
456.44,456.07939999999974
432.51,431.69669999999985
460.51,462.31409999999937
453.25,452.2235000000001
441.9,441.70789999999994
477.89,478.08629999999977
457.54,459.0103999999995
470.87,471.5717999999997
465.88,469.69740000000013
450.25,446.0313000000003
463.65,457.9167999999999
480.59,479.03899999999993
472.36,471.2132000000005
485.43,483.9207999999994
437.26,440.4073999999998
440.15,443.41999999999985
443.58,449.92090000000013
432.09,432.21950000000027
472.19,469.33369999999957
441.16,442.9773000000003
476.75,474.5632000000002
477.82,474.1487000000002
480.62,478.8743999999998
438.41,439.3873000000003
443.23,441.82290000000006
479.64,477.9272
436.39,437.76340000000016
466.81,467.1231000000002
480.01,478.1983999999998
436.03,439.6555999999997
468.84,469.01380000000034
474.82,470.1206999999995
453.5,455.21049999999997
465.2,465.11130000000014
470.71,475.8906000000004
431.27,440.5281000000002
460.42,464.7196
459.81,458.2535000000004
469.33,468.50769999999966
440.74,436.5991
449.36,444.81650000000013
448.04,455.8136999999998
473.73,478.4686000000002
439.94,436.88750000000044
445.11,441.71210000000036
459.18,460.96189999999973
470.66,470.1613999999999
445.6,446.09039999999993
441.53,443.8130999999997
453.84,451.63620000000026
462.7,467.7326999999997
449.23,447.94069999999977
462.84,464.20550000000026
435.57,437.9982999999998
494.39,494.24450000000013
429.66,430.0793000000004
435.38,439.00449999999944
433.25,433.6798999999999
432.46,437.1006999999999
447.02,447.4799999999998
443.49,444.51199999999994
454.14,456.0448999999999
449.74,448.93939999999975
440.31,440.2074
431.82,436.9660000000001
490.34,488.8253000000004
449.04,437.80109999999974
450.54,455.54299999999995
470.49,472.166
445.03,447.56349999999986
453.26,451.6194999999999
482.1,484.0192999999999
462.94,464.67629999999974
456.12,454.84049999999974
483.74,484.3533999999998
450.46,451.6021
428.44,429.79340000000025
451.09,451.7894999999999
461.33,463.5159000000001
439.42,441.9720999999998
464.5,463.1591999999997
442.84,445.1567999999995
454.67,455.37240000000014
432.34,432.9620999999999
448.76,444.70489999999995
450.26,443.0211000000001
477.62,480.06709999999964
437.2,433.75129999999984
438.4,438.6539
485.25,480.01199999999994
438.08,438.0500999999997
450.5,451.0138000000003
429.15,429.47240000000005
441.91,441.7585999999997
458.66,451.7425999999998
477.2,483.0575999999999
453.88,450.9047
479.13,474.48980000000006
472.82,470.14789999999977
434.74,435.7240000000001
477.91,481.0326999999998
427.31,428.9009000000001
474.87,477.12639999999965
467.81,462.9534000000004
458.67,460.49240000000003
444.51,441.82950000000005
461.56,462.2895000000001
429.32,431.6857000000002
448.61,447.5311999999997
433.62,438.01590000000033
431.72,433.2241999999998
482.31,483.20909999999975
442.7,443.2400000000001
439.21,463.12390000000016
435.95,433.4131999999999
440.6,436.5261000000001
467.56,484.5616999999997
486.91,486.2895999999999
445.46,446.8618000000001
442.85,441.5708000000002
476.57,480.24799999999976
463.6,464.9745999999999
453.8,455.69070000000016
448.03,449.4137000000002
484.99,481.63509999999997
447.28,447.2428000000005
484.94,485.56229999999994
425.75,434.48620000000034
443.04,442.1969
446.68,443.47819999999984
436.22,436.22439999999995
471.55,470.7453000000002
453.05,453.00159999999994
427.05,427.5148999999996
462.6,461.7620000000001
439.03,438.1287999999999
486.8,486.3055000000002
456.09,453.75259999999986
468.58,467.97839999999997
464.02,464.84499999999963
477.57,475.7701000000004
446.67,445.2635999999997
432.64,432.4509999999999
480.4,486.1154999999997
469.57,470.7951999999996
467.18,463.41489999999993
437.98,437.5830999999999
437.0,435.01380000000034
462.67,462.7323000000001
438.42,439.2834
433.1,432.7178
487.43,489.0740999999996
461.61,464.4174000000002
469.93,471.4735999999999
434.67,432.00660000000005
432.41,434.4406000000001
480.8,478.08570000000014
442.45,443.31579999999985
438.8,439.70640000000014
442.82,444.5712000000001
448.15,444.95149999999995
478.88,478.3347000000001
475.47,477.0743
464.76,467.0582999999996
441.3,441.2962999999998
447.48,446.7124999999998
439.38,434.9356000000002
481.88,484.2823000000004
441.94,441.4347
442.89,446.48009999999994
430.24,429.3838000000002
473.2,476.71859999999987
479.53,484.0767999999999
435.76,434.12179999999995
457.1,456.5783999999999
